UTM,1,2,3,4
15661,,,,https://www.youtube.com/watch?v=YHfJ6IxYatI
15822,,,,https://www.youtube.com/watch?v=tlhOMFtLsoc
15825,,,,https://www.youtube.com/watch?v=FZWwXIOkfIs
15777,,,,https://www.youtube.com/watch?v=9OPKy_4yCL8
15668,,,,https://www.youtube.com/watch?v=GbkvSStqqbc
15742,,,,https://www.youtube.com/watch?v=kb8XfZ1_LhA
15833,,,,https://www.youtube.com/watch?v=qadhXtaFBCc&feature=youtu.be
15789,,,,https://www.youtube.com/watch?v=DaBqJcQmKrY&feature=youtu.be
15824,,,,https://www.youtube.com/watch?v=129znk1mDzU
15676,,,,https://www.youtube.com/watch?v=fsgZxVWlQV8
15790,,,,https://www.youtube.com/watch?v=ceGv-Chz6DU